{
  "best_model": "Logistic Regression",
  "validation_results": {
    "Logistic Regression": {
      "exact_match": 0.07407407407407407,
      "f1_macro": 0.03804347826086957,
      "f1_weighted": 0.06481481481481481
    },
    "Random Forest": {
      "exact_match": 0.018518518518518517,
      "f1_macro": 0.010416666666666666,
      "f1_weighted": 0.018518518518518517
    },
    "Multinomial Naive Bayes": {
      "exact_match": 0.037037037037037035,
      "f1_macro": 0.01515151515151515,
      "f1_weighted": 0.0202020202020202
    }
  },
  "test_results": {
    "exact_match": 0.037037037037037035,
    "f1_macro": 0.01736111111111111,
    "f1_weighted": 0.043209876543209874
  },
  "priority_diagnosis_accuracy": {
    "Sepsis": 0.0,
    "Malnutrition": 0.0,
    "Anemia": 0.25,
    "Respiratory Failure": 0.0,
    "Heart Failure": 0.0
  },
  "v3_baseline_f1": 0.2875,
  "improvement_over_v3": -0.2442901234567901
}