{
  "model_type": "Category Prediction",
  "best_model": "Gradient Boosting",
  "num_categories": 18,
  "validation_results": {
    "Logistic Regression": {
      "accuracy": 0.25925925925925924,
      "f1_macro": 0.06410256410256411,
      "f1_weighted": 0.20740740740740743
    },
    "Linear SVM": {
      "accuracy": 0.24074074074074073,
      "f1_macro": 0.09696750321750322,
      "f1_weighted": 0.26141617808284473
    },
    "Gradient Boosting": {
      "accuracy": 0.2962962962962963,
      "f1_macro": 0.13049450549450547,
      "f1_weighted": 0.29385429385429385
    }
  },
  "test_results": {
    "accuracy": 0.46296296296296297,
    "f1_macro": 0.2031652108575185,
    "f1_weighted": 0.4061253561253561
  },
  "priority_categories_f1": {
    "Sepsis": 0.15384615384615385,
    "Malnutrition": 0.2857142857142857,
    "Anemia": 0.0,
    "Respiratory Failure": 0.4,
    "Heart Failure": 0.6666666666666666
  },
  "v3_baseline_f1": 0.2875,
  "improvement_over_v3": 0.11862535612535613,
  "exceeds_40pct_target": true
}